Ref,Val,Package,PosX,PosY,Rot,Side
"A_C1","100nF","C_0603_1608Metric",61.200000,-75.000000,-90.000000,top
"A_D3","WHITE","LED_0603_1608Metric",61.900000,-87.900000,90.000000,top
"A_D5","WHITE","LED_0603_1608Metric",71.099999,-87.900000,90.000000,top
"A_D7","WHITE","LED_0603_1608Metric",80.299999,-87.900000,90.000000,top
"A_D9","WHITE","LED_0603_1608Metric",89.499999,-87.900000,90.000000,top
"A_D12","WHITE","LED_0603_1608Metric",92.699999,-62.100000,-90.000000,top
"A_D14","WHITE","LED_0603_1608Metric",83.500000,-62.100000,-90.000000,top
"A_D16","WHITE","LED_0603_1608Metric",74.300000,-62.100000,-90.000000,top
"A_D18","WHITE","LED_0603_1608Metric",65.100000,-62.100000,-90.000000,top
"A_R3","4.7k","R_0603_1608Metric",61.900000,-84.800000,90.000000,top
"A_R5","4.7k","R_0603_1608Metric",71.099999,-84.800000,90.000000,top
"A_R7","4.7k","R_0603_1608Metric",80.299999,-84.800000,90.000000,top
"A_R9","4.7k","R_0603_1608Metric",89.499999,-84.800000,90.000000,top
"A_R12","4.7k","R_0603_1608Metric",92.699999,-65.200000,-90.000000,top
"A_R14","4.7k","R_0603_1608Metric",83.500000,-65.200000,-90.000000,top
"A_R16","4.7k","R_0603_1608Metric",74.300000,-65.200000,-90.000000,top
"A_R18","4.7k","R_0603_1608Metric",65.100000,-65.200000,-90.000000,top
"A_R21","220","R_0603_1608Metric",54.300000,-84.800000,90.000000,top
"A_R22","220","R_0603_1608Metric",58.900000,-84.800000,90.000000,top
"A_R24","220","R_0603_1608Metric",68.100000,-84.800000,90.000000,top
"A_R26","220","R_0603_1608Metric",77.300000,-84.800000,90.000000,top
"A_R28","220","R_0603_1608Metric",86.500000,-84.800000,90.000000,top
"A_R31","220","R_0603_1608Metric",95.700000,-65.200000,-90.000000,top
"A_R33","220","R_0603_1608Metric",86.500000,-65.200000,-90.000000,top
"A_R35","220","R_0603_1608Metric",77.300000,-65.200000,-90.000000,top
"A_R37","220","R_0603_1608Metric",68.100000,-65.200000,-90.000000,top
"A_R39","220","R_0603_1608Metric",58.900000,-65.200000,-90.000000,top
"A_SW1","MSS12C02LS-BB2.0","SW_SPDT_Shouhan_MSS12C02LS",54.300000,-94.000000,90.000000,top
"A_SW2","MSS12C02LS-BB2.0","SW_SPDT_Shouhan_MSS12C02LS",58.900000,-94.000000,90.000000,top
"A_SW4","MSS12C02LS-BB2.0","SW_SPDT_Shouhan_MSS12C02LS",68.100000,-94.000000,90.000000,top
"A_SW6","MSS12C02LS-BB2.0","SW_SPDT_Shouhan_MSS12C02LS",77.300000,-94.000000,90.000000,top
"A_SW8","MSS12C02LS-BB2.0","SW_SPDT_Shouhan_MSS12C02LS",86.500000,-94.000000,90.000000,top
"A_SW11","MSS12C02LS-BB2.0","SW_SPDT_Shouhan_MSS12C02LS",95.700000,-56.000000,-90.000000,top
"A_SW13","MSS12C02LS-BB2.0","SW_SPDT_Shouhan_MSS12C02LS",86.500000,-56.000000,-90.000000,top
"A_SW15","MSS12C02LS-BB2.0","SW_SPDT_Shouhan_MSS12C02LS",77.300000,-56.000000,-90.000000,top
"A_SW17","MSS12C02LS-BB2.0","SW_SPDT_Shouhan_MSS12C02LS",68.100000,-56.000000,-90.000000,top
"A_SW19","MSS12C02LS-BB2.0","SW_SPDT_Shouhan_MSS12C02LS",58.900000,-56.000000,-90.000000,top
"B_C1","100nF","C_0603_1608Metric",111.200000,-75.000000,-90.000000,top
"B_D2","WHITE","LED_0603_1608Metric",107.300000,-87.900000,90.000000,top
"B_D4","WHITE","LED_0603_1608Metric",116.500000,-87.900000,90.000000,top
"B_D6","WHITE","LED_0603_1608Metric",125.700000,-87.900000,90.000000,top
"B_D14","WHITE","LED_0603_1608Metric",133.500000,-62.100000,-90.000000,top
"B_D16","WHITE","LED_0603_1608Metric",124.300000,-62.100000,-90.000000,top
"B_D18","WHITE","LED_0603_1608Metric",115.100000,-62.100000,-90.000000,top
"B_R2","4.7k","R_0603_1608Metric",107.300000,-84.800000,90.000000,top
"B_R4","4.7k","R_0603_1608Metric",116.500000,-84.800000,90.000000,top
"B_R6","4.7k","R_0603_1608Metric",125.700000,-84.800000,90.000000,top
"B_R14","4.7k","R_0603_1608Metric",133.500000,-65.200000,-90.000000,top
"B_R16","4.7k","R_0603_1608Metric",124.300000,-65.200000,-90.000000,top
"B_R18","4.7k","R_0603_1608Metric",115.100000,-65.200000,-90.000000,top
"B_R21","220","R_0603_1608Metric",104.300000,-84.800000,90.000000,top
"B_R23","220","R_0603_1608Metric",113.500000,-84.800000,90.000000,top
"B_R25","220","R_0603_1608Metric",122.700000,-84.800000,90.000000,top
"B_R35","220","R_0603_1608Metric",127.300000,-65.200000,-90.000000,top
"B_R37","220","R_0603_1608Metric",118.100000,-65.200000,-90.000000,top
"B_R39","220","R_0603_1608Metric",108.900000,-65.200000,-90.000000,top
"B_SW1","MSS12C02LS-BB2.0","SW_SPDT_Shouhan_MSS12C02LS",104.300000,-94.000000,90.000000,top
"B_SW3","MSS12C02LS-BB2.0","SW_SPDT_Shouhan_MSS12C02LS",113.500000,-94.000000,90.000000,top
"B_SW5","MSS12C02LS-BB2.0","SW_SPDT_Shouhan_MSS12C02LS",122.700000,-94.000000,90.000000,top
"B_SW15","MSS12C02LS-BB2.0","SW_SPDT_Shouhan_MSS12C02LS",127.300000,-56.000000,-90.000000,top
"B_SW17","MSS12C02LS-BB2.0","SW_SPDT_Shouhan_MSS12C02LS",118.100000,-56.000000,-90.000000,top
"B_SW19","MSS12C02LS-BB2.0","SW_SPDT_Shouhan_MSS12C02LS",108.900000,-56.000000,-90.000000,top
"C_C1","100nF","C_0603_1608Metric",61.200000,-125.000000,-90.000000,top
"C_D2","WHITE","LED_0603_1608Metric",57.300000,-137.900000,90.000000,top
"C_D4","WHITE","LED_0603_1608Metric",66.500000,-137.900000,90.000000,top
"C_D6","WHITE","LED_0603_1608Metric",75.700000,-137.900000,90.000000,top
"C_D14","WHITE","LED_0603_1608Metric",83.500000,-112.100000,-90.000000,top
"C_D16","WHITE","LED_0603_1608Metric",74.300000,-112.100000,-90.000000,top
"C_D18","WHITE","LED_0603_1608Metric",65.100000,-112.100000,-90.000000,top
"C_R2","4.7k","R_0603_1608Metric",57.300000,-134.800000,90.000000,top
"C_R4","4.7k","R_0603_1608Metric",66.500000,-134.800000,90.000000,top
"C_R6","4.7k","R_0603_1608Metric",75.700000,-134.800000,90.000000,top
"C_R14","4.7k","R_0603_1608Metric",83.500000,-115.200000,-90.000000,top
"C_R16","4.7k","R_0603_1608Metric",74.300000,-115.200000,-90.000000,top
"C_R18","4.7k","R_0603_1608Metric",65.100000,-115.200000,-90.000000,top
"C_R21","220","R_0603_1608Metric",54.300000,-134.800000,90.000000,top
"C_R23","220","R_0603_1608Metric",63.500000,-134.800000,90.000000,top
"C_R25","220","R_0603_1608Metric",72.700000,-134.800000,90.000000,top
"C_R35","220","R_0603_1608Metric",77.300000,-115.200000,-90.000000,top
"C_R37","220","R_0603_1608Metric",68.100000,-115.200000,-90.000000,top
"C_R39","220","R_0603_1608Metric",58.900000,-115.200000,-90.000000,top
"C_SW1","MSS12C02LS-BB2.0","SW_SPDT_Shouhan_MSS12C02LS",54.300000,-144.000000,90.000000,top
"C_SW3","MSS12C02LS-BB2.0","SW_SPDT_Shouhan_MSS12C02LS",63.500000,-144.000000,90.000000,top
"C_SW5","MSS12C02LS-BB2.0","SW_SPDT_Shouhan_MSS12C02LS",72.700000,-144.000000,90.000000,top
"C_SW15","MSS12C02LS-BB2.0","SW_SPDT_Shouhan_MSS12C02LS",77.300000,-106.000000,-90.000000,top
"C_SW17","MSS12C02LS-BB2.0","SW_SPDT_Shouhan_MSS12C02LS",68.100000,-106.000000,-90.000000,top
"C_SW19","MSS12C02LS-BB2.0","SW_SPDT_Shouhan_MSS12C02LS",58.900000,-106.000000,-90.000000,top
"D_C1","100nF","C_0603_1608Metric",111.200000,-125.000000,-90.000000,top
"D_D3","WHITE","LED_0603_1608Metric",111.900000,-137.900000,90.000000,top
"D_D6","WHITE","LED_0603_1608Metric",125.700000,-137.900000,90.000000,top
"D_D14","WHITE","LED_0603_1608Metric",133.500000,-112.100000,-90.000000,top
"D_D17","WHITE","LED_0603_1608Metric",119.700000,-112.100000,-90.000000,top
"D_R3","4.7k","R_0603_1608Metric",111.900000,-134.800000,90.000000,top
"D_R6","4.7k","R_0603_1608Metric",125.700000,-134.800000,90.000000,top
"D_R14","4.7k","R_0603_1608Metric",133.500000,-115.200000,-90.000000,top
"D_R17","4.7k","R_0603_1608Metric",119.700000,-115.200000,-90.000000,top
"D_R21","220","R_0603_1608Metric",104.300000,-134.800000,90.000000,top
"D_R22","220","R_0603_1608Metric",108.900000,-134.800000,90.000000,top
"D_R24","220","R_0603_1608Metric",118.100000,-134.800000,90.000000,top
"D_R25","220","R_0603_1608Metric",122.700000,-134.800000,90.000000,top
"D_R35","220","R_0603_1608Metric",127.300000,-115.200000,-90.000000,top
"D_R36","220","R_0603_1608Metric",122.700000,-115.200000,-90.000000,top
"D_R38","220","R_0603_1608Metric",113.500000,-115.200000,-90.000000,top
"D_R39","220","R_0603_1608Metric",108.900000,-115.200000,-90.000000,top
"D_SW1","MSS12C02LS-BB2.0","SW_SPDT_Shouhan_MSS12C02LS",104.300000,-144.000000,90.000000,top
"D_SW2","MSS12C02LS-BB2.0","SW_SPDT_Shouhan_MSS12C02LS",108.900000,-144.000000,90.000000,top
"D_SW4","MSS12C02LS-BB2.0","SW_SPDT_Shouhan_MSS12C02LS",118.100000,-144.000000,90.000000,top
"D_SW5","MSS12C02LS-BB2.0","SW_SPDT_Shouhan_MSS12C02LS",122.700000,-144.000000,90.000000,top
"D_SW15","MSS12C02LS-BB2.0","SW_SPDT_Shouhan_MSS12C02LS",127.300000,-106.000000,-90.000000,top
"D_SW16","MSS12C02LS-BB2.0","SW_SPDT_Shouhan_MSS12C02LS",122.700000,-106.000000,-90.000000,top
"D_SW18","MSS12C02LS-BB2.0","SW_SPDT_Shouhan_MSS12C02LS",113.500000,-106.000000,-90.000000,top
"D_SW19","MSS12C02LS-BB2.0","SW_SPDT_Shouhan_MSS12C02LS",108.900000,-106.000000,-90.000000,top
